{
    "0": {
        "vllm-naive": 1.1304666332282423,
        "vllm-spec-decoding": 1.7291882911427865,
        "vllm-eagle": 1.7426916512694388
    },
    "1": {
        "vllm-naive": 1.1278943463157152,
        "vllm-spec-decoding": 2.133073974879627,
        "vllm-eagle": 2.200984524763004
    },
    "2": {
        "vllm-naive": 1.1424227512371594,
        "vllm-spec-decoding": 1.864545208736518,
        "vllm-eagle": 1.7702334022246007
    },
    "3": {
        "vllm-naive": 1.13298709406544,
        "vllm-spec-decoding": 1.7443376949222924,
        "vllm-eagle": 1.755349866018063
    },
    "4": {
        "vllm-naive": 1.1283341236001931,
        "vllm-spec-decoding": 1.8299403527460325,
        "vllm-eagle": 1.7960482920698857
    },
    "5": {
        "vllm-naive": 1.133054206900296,
        "vllm-spec-decoding": 1.9117759823782539,
        "vllm-eagle": 1.8313419987522286
    },
    "6": {
        "vllm-naive": 1.1272366756524408,
        "vllm-spec-decoding": 1.8804215518807421,
        "vllm-eagle": 1.7372641264276663
    },
    "7": {
        "vllm-naive": 1.1278469617439038,
        "vllm-spec-decoding": 1.9341968890841732,
        "vllm-eagle": 1.8576348862673397
    },
    "8": {
        "vllm-naive": 1.1288497435219877,
        "vllm-spec-decoding": 1.919520953428076,
        "vllm-eagle": 1.7768580666127092
    },
    "9": {
        "vllm-naive": 1.1271406243419329,
        "vllm-spec-decoding": 1.824798788027589,
        "vllm-eagle": 1.7479975883040029
    }
}