{
    "0": {
        "fsd": 1.5139119595987136,
        "spec-decoding": 1.5312994066366317
    },
    "1": {
        "fsd": 1.6009877550039855,
        "spec-decoding": 1.8346318166201858
    },
    "2": {
        "fsd": 1.6580679287104862,
        "spec-decoding": 1.7455680608628572
    },
    "3": {
        "fsd": 1.5956477812297303,
        "spec-decoding": 1.3709651977472554
    },
    "4": {
        "fsd": 0.5228050729727317,
        "spec-decoding": 1.2400501185109718
    },
    "5": {
        "fsd": 1.7321886025819566,
        "spec-decoding": 1.5207941747418783
    },
    "6": {
        "fsd": 1.579003645410414,
        "spec-decoding": 1.5092657404839953
    },
    "7": {
        "fsd": 1.7979016627457576,
        "spec-decoding": 1.5067466127136895
    },
    "8": {
        "fsd": 1.5877544295506225,
        "spec-decoding": 1.579933178260656
    },
    "9": {
        "fsd": 1.6301697166135811,
        "spec-decoding": 1.5350013497948185
    }
}