{
    "0": {
        "fsd": 1.5139119595987136,
        "spec-decoding": 1.5312994066366317,
        "eagle2": 1.8391170876374399
    },
    "1": {
        "fsd": 1.6009877550039855,
        "spec-decoding": 1.8346318166201858,
        "eagle2": 1.582617526161922
    },
    "2": {
        "fsd": 1.6580679287104862,
        "spec-decoding": 1.7455680608628572,
        "eagle2": 1.7100921982999495
    },
    "3": {
        "fsd": 1.5956477812297303,
        "spec-decoding": 1.3709651977472554,
        "eagle2": 1.3608935660546964
    },
    "4": {
        "fsd": 0.5228050729727317,
        "spec-decoding": 1.2400501185109718,
        "eagle2": 0.5247952822653622
    },
    "5": {
        "fsd": 1.7321886025819566,
        "spec-decoding": 1.5207941747418783,
        "eagle2": 1.7838372078432903
    },
    "6": {
        "fsd": 1.579003645410414,
        "spec-decoding": 1.5092657404839953,
        "eagle2": 1.2702617418499014
    },
    "7": {
        "fsd": 1.7979016627457576,
        "spec-decoding": 1.5067466127136895,
        "eagle2": 1.7327710586961709
    },
    "8": {
        "fsd": 1.5877544295506225,
        "spec-decoding": 1.579933178260656,
        "eagle2": 1.7060531156344165
    },
    "9": {
        "fsd": 1.6301697166135811,
        "spec-decoding": 1.5350013497948185,
        "eagle2": 1.6617177576172053
    }
}